<?xml version="1.0" encoding="UTF-8"?>
<templates id="template" xml:space="preserve">
    <!-- Point of sale order session page -->
    <t t-name="ProductScreen" t-inherit="point_of_sale.ProductScreen"
       t-inherit-mode="extension" owl="1">
        <xpath expr="//div[hasclass('screen')]" position="replace">
            <div class="product-screen screen"
                 t-att-class="{ oe_hidden: !props.isShown }">
                <div t-if="env.pos.config.screen_view == 'left'">
                    <div class="product-screen screen"
                         t-att-class="{ oe_hidden: !props.isShown }">
                        <div class="screen-full-width">
                            <div class="leftpane pane-border"
                                 t-if="!env.isMobile || state.mobile_pane === 'left'">
                                <OrderWidget/>
                                <div class="pads">
                                    <div class="control-buttons">
                                        <t t-if="env.isMobile and controlButtons.length > 3">
                                            <div class="control-button"
                                                 t-on-click="_displayAllControlPopup">More...</div>
                                        </t>
                                        <t t-else="">
                                            <t t-foreach="controlButtons"
                                               t-as="cb"
                                               t-key="cb.name">
                                                <t t-component="cb.component"
                                                   t-key="cb.name"/>
                                            </t>
                                        </t>
                                    </div>
                                    <div class="subpads">
                                        <t t-set="_actionName">Payment</t>
                                        <ActionpadWidget partner="partner"
                                                         actionName="_actionName"
                                                         onSwitchPane.bind="switchPane"/>
                                        <NumpadWidget
                                                activeMode="env.pos.numpadMode"/>
                                    </div>
                                </div>
                            </div>
                            <div class="rightpane"
                                 t-if="!env.isMobile || state.mobile_pane === 'right'">
                                <ProductsWidget
                                        mobileSearchBarIsShown="props.mobileSearchBarIsShown"/>
                                <MobileOrderWidget t-if="env.isMobile"
                                                   pane="state.mobile_pane"
                                                   onSwitchPane.bind="switchPane"/>
                            </div>
                        </div>
                    </div>
                </div>
                <div t-if="env.pos.config.screen_view == 'right'">
                    <div class="product-screen screen"
                         t-att-class="{ oe_hidden: !props.isShown }">
                       <div class="screen-full-width">

                            <div class="rightpane"
                                 t-if="!env.isMobile || state.mobile_pane === 'left'">
                                <ProductsWidget
                                        mobileSearchBarIsShown="props.mobileSearchBarIsShown"/>
                                <MobileOrderWidget t-if="env.isMobile"
                                                   pane="state.mobile_pane"
                                                   onSwitchPane.bind="switchPane"/>
                            </div>
                           <div class="leftpane pane-border"
                                t-if="!env.isMobile || state.mobile_pane === 'right'">
                                <OrderWidget/>
                               <div class="pads">
                                    <div class="control-buttons">
                                        <t t-if="env.isMobile and controlButtons.length > 3">
                                            <div class="control-button"
                                                 t-on-click="_displayAllControlPopup">More...</div>
                                        </t>
                                        <t t-else="">
                                            <t t-foreach="controlButtons"
                                               t-as="cb"
                                               t-key="cb.name">
                                                <t t-component="cb.component"
                                                   t-key="cb.name"/>
                                            </t>
                                        </t>
                                    </div>
                                   <div class="subpads">
                                        <t t-set="_actionName">Payment</t>
                                       <ActionpadWidget partner="partner"
                                                        actionName="_actionName"
                                                        onSwitchPane.bind="switchPane"/>
                                       <NumpadWidget
                                               activeMode="env.pos.numpadMode"/>
                                    </div>
                                </div>
                            </div>
                        </div>
                    </div>
                </div>
            </div>
        </xpath>
    </t>
</templates>
