<?xml version="1.0" encoding="UTF-8" ?>
<odoo>
    <!-- creating security groups-->
    <record model="ir.module.category"
            id="module_category_home_delivery_system">
        <field name="name">Delivery User Group</field>
        <field name="description">User Can Manage Delivery Information</field>
    </record>
    <record id="home_delivery_system_group_delivery_user" model="res.groups">
        <field name="name">Delivery User</field>
        <field name="category_id" ref="module_category_home_delivery_system"/>
    </record>
    <record id="home_delivery_system_group_delivery_manager" model="res.groups">
        <field name="name">Delivery Administrator</field>
        <field name="category_id" ref="module_category_home_delivery_system"/>
        <field name="implied_ids"
               eval="[(4, ref('home_delivery_system_group_delivery_user'))]"/>
    </record>
</odoo>
