<?xml version="1.0" encoding="UTF-8" ?>
<odoo>
    <data>
        <!-- Record Rule to Restrict Access for group_survey_user -->
        <record id="restrict_whatsapp_user" model="ir.rule">
            <field name="name">Restrict Whatsapp Message for Users</field>
            <field ref="model_whatsapp_message" name="model_id"/>
            <field name="domain_force">[('from_user_id','=',user.id)]</field>
            <field name="groups" eval="[(4, ref('point_of_sale.group_pos_user'))]"/>
        </record>

        <!-- Record Rule to Allow Access for group_survey_manager -->
        <record id="allow_whatsapp_manager" model="ir.rule">
            <field name="name">Allow Whatsapp Message for Managers</field>
            <field ref="model_whatsapp_message" name="model_id"/>
            <field name="groups" eval="[(4, ref('point_of_sale.group_pos_manager'))]"/>
        </record>
    </data>
</odoo>
