<?xml version="1.0" encoding="UTF-8" ?>
<odoo>
    <data noupdate="1">
        <!--Email template for cancel information-->
        <record id="email_template_cancel_delivery_order" model="mail.template">
            <field name="name">Delivery Order: Sending</field>
            <field name="model_id"
                   ref="home_delivery_system.model_stock_picking"/>
            <field name="email_from">{{ (object.company_id.email) }}</field>
            <field name="partner_to">{{ object.partner_id.id }}</field>
            <field name="subject">{{ object.partner_id.name }} Order (Ref {{
                object.name or 'n/a' }})
            </field>
            <field name="description">Sent to customers with their order
                cancelled information
            </field>
            <field name="body_html" type="html">
                <div style="margin: 0px; padding: 0px;">
                    <p style="margin: 0px; padding: 0px; font-size: 13px;">
                        Dear
                        <t t-if="object.partner_id.name">
                            <t t-out="object.partner_id.name or ''"/>
                        </t>
                        <t t-else="">
                            <t t-out="object.partner_id.name or ''"/>,
                        </t>
                        <br/>
                        <br/>
                        Here is your
                        <t t-if="object.name">
                            order
                            <span style="font-weight:bold;"
                                  t-out="object.name or ''"/>
                        </t>
                        <t t-else="">
                            Order
                        </t>
                        <t t-if="object.origin">
                            (with reference: <t t-out="object.origin or ''"/>)
                        </t>
                        from <t t-out="object.company_id.name or ''">
                        YourCompany</t>.
                        this order is cancelled.
                        <br/>
                        <br/>
                        Do not hesitate to contact us if you have any questions.
                        <span>Address</span>
                        <t t-out="object.company_id.street or ''">--
                            <br/>
                        </t>
                        <span>Phone</span>
                        <t t-out="object.company_id.phone or ''">--
                            <br/>
                        </t>
                        <span>Email</span>
                        <t t-out="object.company_id.email or ''">--
                            <br/>
                        </t>
                    </p>
                </div>
            </field>
        </record>

        <record id="email_template_cancel_delivery_picking"
                model="mail.template">
            <field name="name">Picking Order: Sending</field>
            <field name="model_id"
                   ref="home_delivery_system.model_stock_picking"/>
            <field name="email_from">{{ (object.company_id.email) }}</field>
            <field name="partner_to">{{ object.partner_id.id }}</field>
            <field name="subject">{{ object.partner_id.name }} Invoice (Ref {{
                object.name or 'n/a' }})
            </field>
            <field name="description">Sent to customers with their order picked
                information
            </field>
            <field name="body_html" type="html">
                <div style="margin: 0px; padding: 0px;">
                    <p style="margin: 0px; padding: 0px; font-size: 13px;">
                        Dear
                        <t t-if="object.partner_id.name">
                            <t t-out="object.partner_id.name or ''"/>
                        </t>
                        <t t-else="">
                            <t t-out="object.partner_id.name or ''"/>,
                        </t>
                        <br/>
                        <br/>
                        Here is your
                        <t t-if="object.name">
                            order
                            <span style="font-weight:bold;"
                                  t-out="object.name or ''"/>
                        </t>
                        <t t-else="">
                            Order
                        </t>
                        <t t-if="object.origin">
                            (with reference: <t t-out="object.origin or ''"/>)
                        </t>
                        from <t t-out="object.company_id.name or ''">
                        YourCompany</t>.
                        this order is picked.
                        <br/>
                        <br/>
                        Do not hesitate to contact us if you have any questions.
                        <span>Address</span>
                        <t t-out="object.company_id.street or ''">--
                            <br/>
                        </t>
                        <span>Phone</span>
                        <t t-out="object.company_id.phone or ''">--
                            <br/>
                        </t>
                        <span>Email</span>
                        <t t-out="object.company_id.email or ''">--
                            <br/>
                        </t>
                    </p>
                </div>
            </field>
        </record>

        <record id="email_template_invoiced" model="mail.template">
            <field name="name">Invoice For Order: Sending</field>
            <field name="model_id"
                   ref="home_delivery_system.model_stock_picking"/>
            <field name="email_from">{{ (object.company_id.email) }}</field>
            <field name="partner_to">{{ object.partner_id.id }}</field>
            <field name="subject">{{ object.partner_id.name }} Invoice (Ref {{
                object.name or 'n/a' }})
            </field>
            <field name="description">Sent to customers with their order
                Invoiced information
            </field>
            <field name="body_html" type="html">
                <div style="margin: 0px; padding: 0px;">
                    <p style="margin: 0px; padding: 0px; font-size: 13px;">
                        Dear
                        <t t-if="object.partner_id.name">
                            <t t-out="object.partner_id.name or ''"/>
                        </t>
                        <t t-else="">
                            <t t-out="object.partner_id.name or ''"/>,
                        </t>
                        <br/>
                        <br/>
                        Here is your
                        <t t-if="object.name">
                            order
                            <span style="font-weight:bold;"
                                  t-out="object.name or ''"/>
                        </t>
                        <t t-else="">
                            Order
                        </t>
                        <t t-if="object.origin">
                            (with reference: <t t-out="object.origin or ''"/>)
                        </t>
                        from <t t-out="object.company_id.name or ''">
                        YourCompany</t>.
                        this order is delivered.
                        <br/>
                        <br/>
                        Do not hesitate to contact us if you have any questions.
                        <span>Address</span>
                        <t t-out="object.company_id.street or ''">--
                            <br/>
                        </t>
                        <span>Phone</span>
                        <t t-out="object.company_id.phone or ''">--
                            <br/>
                        </t>
                        <span>Email</span>
                        <t t-out="object.company_id.email or ''">--
                            <br/>
                        </t>
                    </p>
                </div>
            </field>
        </record>
    </data>
</odoo>
