<?xml version="1.0" encoding="UTF-8" ?>
<odoo>
    <data>
        <!-- Website menus -->
        <record id="website_menu_jobs" model="website.menu">
            <field name="name">MyJobs</field>
            <field name="url">/my_jobs</field>
            <field name="parent_id" ref="website.main_menu"/>
            <field name="sequence">50</field>
        </record>

        <record id="website_menu_broadcast" model="website.menu">
            <field name="name">BroadcastOrder</field>
            <field name="url">/broadcasted_order</field>
            <field name="parent_id" ref="website.main_menu"/>
            <field name="sequence">51</field>
        </record>

        <record id="website_menu_completed_order" model="website.menu">
            <field name="name">CompletedOrder</field>
            <field name="url">/completed_order</field>
            <field name="parent_id" ref="website.main_menu"/>
            <field name="sequence">52</field>
        </record>
    </data>
</odoo>
