<?xml version="1.0" encoding="UTF-8" ?>
<templates id="template" xml:space="preserve">
    <t t-name="CustomOrdrScreen" owl="1">
       <div class="clientlist-screen screen">
           <div class="screen-content">
               <div class="top-content">
                   <div class="button back" t-on-click="back">
                       Back
                   </div>
               </div>
               <section class="full-content">
               </section>
               <br/>
                <section class="full-content">
                    <div class="partner-window">
                        <section class="list">
                            <div class="container">
                                <div t-if="!state.detailIsShown" class="subwindow-container-fix scrollable-y">
                                    <table class="order-list">
                                        <thead>
                                            <tr>
                                                <th>Order Reference</th>
                                                <th>Receipt Reference</th>
                                                <th>Customer</th>
                                                <th>Order Date</th>
                                            </tr>
                                        </thead>
                                        <tbody class="partner-list-contents">
                                            <tr t-foreach="this.state.order" t-as="order" t-key="order.id" t-att-data-id="order.id" t-on-click="() => this._onClickOrder(order, this.state.pos)">
                                                <td t-esc="order.pos_reference"/>
                                                <td t-esc="order.name"/>
                                                <td t-esc="order.partner_id['1']"/>
                                                <td t-esc="order.date_order"/>
                                            </tr>
                                        </tbody>

                                    </table>
                                </div>
                            </div>
                        </section>
                    </div>
                </section>
           </div>
       </div>
   </t>
</templates>