<?xml version="1.0" encoding="UTF-8" ?>
<templates id="template" xml:space="preserve">
    <t t-name="ExchangeOrder" owl="1">
        <div class="popup opening-cash-control">
            <header class="title drag-handle">
                Exchange Products
            </header>
            <main class="body">

                <table class="exchange-list">
                    <thead>
                        <tr>
                            <th>Product</th>
                            <th>Quantity</th>
                        </tr>
                    </thead>
                    <tbody class="partner-list-contents">
                        <tr t-foreach="this.props.line"
                            t-as="line" t-key="line.name">
                            <td t-esc="line.name"/>
                            <td><input class="pos-input" type="number" t-model.number="line.qty"/></td>

                        </tr>
                    </tbody>
                </table>

            </main>
            <footer class="footer">
                <div class="button" t-on-click="confirm">Exchange</div>
                <div class="button" t-on-click="cancel">Close</div>
            </footer>
        </div>
    </t>
</templates>
