"id","name","model_id:id","group_id:id","perm_read","perm_write","perm_create","perm_unlink"
printing_label_zpl2_user,Printing Label ZPL2 User,model_printing_label_zpl2,base_report_to_printer.printing_group_user,1,0,0,0
printing_label_zpl2_manager,Printing Label ZPL2 Manager,model_printing_label_zpl2,base_report_to_printer.printing_group_manager,1,1,1,1
printing_label_zpl2_component_user,Printing Label ZPL2 Component User,model_printing_label_zpl2_component,base_report_to_printer.printing_group_user,1,0,0,0
printing_label_zpl2_component_manager,Printing Label ZPL2 Component Manager,model_printing_label_zpl2_component,base_report_to_printer.printing_group_manager,1,1,1,1
access_wizard_print_record_label_user,Print Record Label user,model_wizard_print_record_label,base_report_to_printer.printing_group_user,1,1,1,1
access_wizard_print_record_label_line_user,Print Record Label Line user,model_wizard_print_record_label_line,base_report_to_printer.printing_group_user,1,1,1,1
access_wizard_import_zpl2_user,Import ZPL2 user,model_wizard_import_zpl2,base_report_to_printer.printing_group_user,1,1,1,1
