<?xml version="1.0" encoding="UTF-8"?>
<!--Orderline template-->
<templates xml:space="preserve">
    <t t-name="Orderline" t-inherit="point_of_sale.Orderline">
        <xpath expr="//ul[hasclass('info-list')]" position="replace">
            <ul class="info-list">
                <t t-if="props.line.get_quantity_str() !== '1' || props.line.selected ">
                    <li class="info">
                        <em>
                            <t t-esc="props.line.get_quantity_str()"/>
                        </em>
                        <span> </span>
                        <t t-esc="props.line.get_unit().name"/>
                        at
                        <t t-if="props.line.display_discount_policy() == 'without_discount' and
                            env.pos.round_decimals_currency(props.line.get_unit_display_price()) &lt; env.pos.round_decimals_currency(props.line.get_taxed_lst_unit_price())">
                            <s>
                                <t t-esc="env.pos.format_currency(props.line.get_taxed_lst_unit_price(),'Product Price')"/>
                            </s>
                            <t t-esc="env.pos.format_currency(props.line.get_unit_display_price(),'Product Price')"/>
                        </t>
                        <t t-else="">
                            <t t-esc="env.pos.format_currency(props.line.get_unit_display_price(),'Product Price')"/>
                        </t>
                        /
                        <t t-esc="props.line.get_unit().name"/>
                    </li>
                </t>
                <t t-if="props.line.get_discount_str() !== '0'">
                    <t t-if="props.line.check_birthday">
                        <li class="info">
                        With a
                        <em>
                            <t t-esc="props.line.get_discount_str()"/>%
                        </em>
                            Birthday discount
                        </li>
                    </t>
                    <t t-else="">
                        <li class="info">
                            With a
                            <em>
                                <t t-esc="props.line.get_discount_str()"/>%
                            </em>
                            discount
                        </li>
                    </t>
                </t>
                <t t-if="customerNote">
                    <li class="info orderline-note">
                        <i class="fa fa-sticky-note" role="img"
                           aria-label="Customer Note" title="Customer Note"/>
                        <t t-esc="customerNote"/>
                    </li>
                </t>
            </ul>
        </xpath>
    </t>
</templates>
